Mixed_Flock,Localidade,Latitude,Longitude,Fitofisionomia,Ecoregion,Temp,Prec,Alt,npp,evapo,Located,Edge
208,Tuneiras,-23.879006,-52.805703,seasonal_forest,Alto_Parana_Atlantic_Forest,206,1428,513,0.963,79.7385025,interior,0
209,Tuneiras,-23.879006,-52.805703,seasonal_forest,Alto_Parana_Atlantic_Forest,206,1428,513,0.963,79.7385025,interior,0
210,Tuneiras,-23.879006,-52.805703,seasonal_forest,Alto_Parana_Atlantic_Forest,206,1428,513,0.963,79.7385025,interior,0
211,Tuneiras,-23.879006,-52.805703,seasonal_forest,Alto_Parana_Atlantic_Forest,206,1428,513,0.963,79.7385025,interior,0
212,Tuneiras,-23.879006,-52.805703,seasonal_forest,Alto_Parana_Atlantic_Forest,206,1428,513,0.963,79.7385025,interior,0
213,Tuneiras,-23.879006,-52.805703,seasonal_forest,Alto_Parana_Atlantic_Forest,206,1428,513,0.963,79.7385025,interior,0
214,Tuneiras,-23.879006,-52.805703,seasonal_forest,Alto_Parana_Atlantic_Forest,206,1428,513,0.963,79.7385025,interior,0
216,Tuneiras,-23.879006,-52.805703,seasonal_forest,Alto_Parana_Atlantic_Forest,206,1428,513,0.963,79.7385025,interior,0
217,Tuneiras,-23.879006,-52.805703,seasonal_forest,Alto_Parana_Atlantic_Forest,206,1428,513,0.963,79.7385025,interior,0
219,Tuneiras,-23.879006,-52.805703,seasonal_forest,Alto_Parana_Atlantic_Forest,206,1428,513,0.963,79.7385025,interior,0
220,Tuneiras,-23.879006,-52.805703,seasonal_forest,Alto_Parana_Atlantic_Forest,206,1428,513,0.963,79.7385025,interior,0
221,Tuneiras,-23.879006,-52.805703,seasonal_forest,Alto_Parana_Atlantic_Forest,206,1428,513,0.963,79.7385025,interior,0
222,Tuneiras,-23.879006,-52.805703,seasonal_forest,Alto_Parana_Atlantic_Forest,206,1428,513,0.963,79.7385025,interior,0
223,Tuneiras,-23.879006,-52.805703,seasonal_forest,Alto_Parana_Atlantic_Forest,206,1428,513,0.963,79.7385025,interior,0
224,Tuneiras,-23.879006,-52.805703,seasonal_forest,Alto_Parana_Atlantic_Forest,206,1428,513,0.963,79.7385025,interior,0
225,Tuneiras,-23.879006,-52.805703,seasonal_forest,Alto_Parana_Atlantic_Forest,206,1428,513,0.963,79.7385025,interior,0
226,Tuneiras,-23.879006,-52.805703,seasonal_forest,Alto_Parana_Atlantic_Forest,206,1428,513,0.963,79.7385025,interior,0
227,Tuneiras,-23.879006,-52.805703,seasonal_forest,Alto_Parana_Atlantic_Forest,206,1428,513,0.963,79.7385025,interior,0
90,Tres_Lagoas,-20.919135,-52.22987,cerrado,Cerrado,239,1251,333,0.762000024,90.59819794,interior,0
91,Tres_Lagoas,-20.919135,-52.22987,cerrado,Cerrado,239,1251,333,0.762000024,90.59819794,edge,1
92,Tres_Lagoas,-20.919135,-52.22987,cerrado,Cerrado,239,1251,333,0.762000024,90.59819794,edge,1
93,Tres_Lagoas,-20.919135,-52.22987,cerrado,Cerrado,239,1251,333,0.762000024,90.59819794,edge,1
94,Tres_Lagoas,-20.919135,-52.22987,cerrado,Cerrado,239,1251,333,0.762000024,90.59819794,edge,1
95,Tres_Lagoas,-20.919135,-52.22987,cerrado,Cerrado,239,1251,333,0.762000024,90.59819794,interior,0
96,Tres_Lagoas,-20.919135,-52.22987,galeria_ciliar,Cerrado,239,1251,333,0.762000024,90.59819794,edge,1
97,Tres_Lagoas,-20.919135,-52.22987,cerrado,Cerrado,239,1251,333,0.762000024,90.59819794,interior,0
98,Tres_Lagoas,-20.919135,-52.22987,cerrado,Cerrado,239,1251,333,0.762000024,90.59819794,edge,1
102,Tres_Lagoas,-20.919135,-52.22987,galeria_ciliar,Cerrado,239,1251,333,0.762000024,90.59819794,edge,1
100,Tres_Lagoas,-20.919135,-52.22987,cerradao,Cerrado,239,1251,333,0.762000024,90.59819794,interior,0
236,Teodoro,-22.605267,-52.200109,cerradao,Alto_Parana_Atlantic_Forest,223,1195,332,0.684000015,89.35250092,edge,1
237,Teodoro,-22.605267,-52.200109,seasonal_forest,Alto_Parana_Atlantic_Forest,223,1195,332,0.684000015,89.35250092,interior,0
238,Teodoro,-22.605267,-52.200109,seasonal_forest,Alto_Parana_Atlantic_Forest,223,1195,332,0.684000015,89.35250092,interior,0
239,Teodoro,-22.605267,-52.200109,seasonal_forest,Alto_Parana_Atlantic_Forest,223,1195,332,0.684000015,89.35250092,interior,0
240,Teodoro,-22.605267,-52.200109,seasonal_forest,Alto_Parana_Atlantic_Forest,223,1195,332,0.684000015,89.35250092,interior,0
241,Teodoro,-22.605267,-52.200109,seasonal_forest,Alto_Parana_Atlantic_Forest,223,1195,332,0.684000015,89.35250092,interior,0
242,Teodoro,-22.605267,-52.200109,seasonal_forest,Alto_Parana_Atlantic_Forest,223,1195,332,0.684000015,89.35250092,interior,0
246,Teodoro,-22.605267,-52.200109,seasonal_forest,Alto_Parana_Atlantic_Forest,223,1195,332,0.684000015,89.35250092,interior,0
247,Teodoro,-22.605267,-52.200109,seasonal_forest,Alto_Parana_Atlantic_Forest,223,1195,332,0.684000015,89.35250092,interior,0
248,Teodoro,-22.605267,-52.200109,galeria_ciliar,Alto_Parana_Atlantic_Forest,223,1195,332,0.684000015,89.35250092,edge,1
249,Teodoro,-22.605267,-52.200109,galeria_ciliar,Alto_Parana_Atlantic_Forest,223,1195,332,0.684000015,89.35250092,edge,1
250,Teodoro,-22.605267,-52.200109,galeria_ciliar,Alto_Parana_Atlantic_Forest,223,1195,332,0.684000015,89.35250092,edge,1
251,Teodoro,-22.605267,-52.200109,galeria_ciliar,Alto_Parana_Atlantic_Forest,223,1195,332,0.684000015,89.35250092,edge,1
252,Teodoro,-22.605267,-52.200109,galeria_ciliar,Alto_Parana_Atlantic_Forest,223,1195,332,0.684000015,89.35250092,edge,1
245,Teodoro,-22.605267,-52.200109,cerradao,Alto_Parana_Atlantic_Forest,223,1195,332,0.684000015,89.35250092,interior,0
184,Sidrolandia,-20.772251,-54.833822,seasonal_forest,Cerrado,240,1413,340,0.388999999,94.78320313,interior,0
185,Sidrolandia,-20.772251,-54.833822,galeria_ciliar,Cerrado,240,1413,340,0.388999999,94.78320313,interior,0
189,Sidrolandia,-20.772251,-54.833822,seasonal_forest,Cerrado,240,1413,340,0.388999999,94.78320313,interior,0
190,Sidrolandia,-20.772251,-54.833822,galeria_ciliar,Cerrado,240,1413,340,0.388999999,94.78320313,interior,0
191,Sidrolandia,-20.772251,-54.833822,galeria_ciliar,Cerrado,240,1413,340,0.388999999,94.78320313,interior,0
193,Sidrolandia,-20.772251,-54.833822,seasonal_forest,Cerrado,240,1413,340,0.388999999,94.78320313,edge,1
194,Sidrolandia,-20.772251,-54.833822,galeria_ciliar,Cerrado,240,1413,340,0.388999999,94.78320313,edge,1
183,Sidrolandia,-20.772251,-54.833822,cerradao,Cerrado,240,1413,340,0.388999999,94.78320313,edge,1
188,Sidrolandia,-20.772251,-54.833822,cerradao,Cerrado,240,1413,340,0.388999999,94.78320313,interior,0
186,Sidrolandia,-20.772251,-54.833822,cerradao,Cerrado,240,1413,340,0.388999999,94.78320313,interior,0
187,Sidrolandia,-20.772251,-54.833822,cerradao,Cerrado,240,1413,340,0.388999999,94.78320313,interior,0
253,Presidente,-21.638837,-51.884671,seasonal_forest,Alto_Parana_Atlantic_Forest,230,1139,290,0.832000017,86.51480103,interior,0
254,Presidente,-21.638837,-51.884671,seasonal_forest,Alto_Parana_Atlantic_Forest,230,1139,290,0.832000017,86.51480103,edge,1
255,Presidente,-21.638837,-51.884671,seasonal_forest,Alto_Parana_Atlantic_Forest,230,1139,290,0.832000017,86.51480103,edge,1
256,Presidente,-21.638837,-51.884671,seasonal_forest,Alto_Parana_Atlantic_Forest,230,1139,290,0.832000017,86.51480103,edge,1
257,Presidente,-21.638837,-51.884671,seasonal_forest,Alto_Parana_Atlantic_Forest,230,1139,290,0.832000017,86.51480103,edge,1
258,Presidente,-21.638837,-51.884671,seasonal_forest,Alto_Parana_Atlantic_Forest,230,1139,290,0.832000017,86.51480103,interior,0
259,Presidente,-21.638837,-51.884671,galeria_ciliar,Alto_Parana_Atlantic_Forest,230,1139,290,0.832000017,86.51480103,edge,1
260,Presidente,-21.638837,-51.884671,galeria_ciliar,Alto_Parana_Atlantic_Forest,230,1139,290,0.832000017,86.51480103,edge,1
51,Porto_Murtinho,-21.48556,-57.890818,seasonal_forest,Pantanal,252,1207,85,0.551999986,93.40229797,interior,0
52,Porto_Murtinho,-21.48556,-57.890818,seasonal_forest,Pantanal,252,1207,85,0.551999986,93.40229797,interior,0
53,Porto_Murtinho,-21.48556,-57.890818,seasonal_forest,Pantanal,252,1207,85,0.551999986,93.40229797,interior,0
54,Porto_Murtinho,-21.48556,-57.890818,chaco,Pantanal,252,1207,85,0.551999986,93.40229797,interior,0
55,Porto_Murtinho,-21.48556,-57.890818,chaco,Pantanal,252,1207,85,0.551999986,93.40229797,interior,0
56,Porto_Murtinho,-21.48556,-57.890818,chaco,Pantanal,252,1207,85,0.551999986,93.40229797,interior,0
57,Porto_Murtinho,-21.48556,-57.890818,chaco,Pantanal,252,1207,85,0.551999986,93.40229797,interior,0
58,Porto_Murtinho,-21.48556,-57.890818,chaco,Pantanal,252,1207,85,0.551999986,93.40229797,interior,0
59,Porto_Murtinho,-21.48556,-57.890818,chaco,Pantanal,252,1207,85,0.551999986,93.40229797,interior,0
60,Porto_Murtinho,-21.48556,-57.890818,flooded_forest,Pantanal,252,1207,85,0.551999986,93.40229797,edge,1
61,Porto_Murtinho,-21.48556,-57.890818,flooded_forest,Pantanal,252,1207,85,0.551999986,93.40229797,edge,1
63,Porto_Murtinho,-21.48556,-57.890818,seasonal_forest,Pantanal,252,1207,85,0.551999986,93.40229797,edge,1
289,Novo_Horizonte,-22.555798,-53.886429,seasonal_forest,Alto_Parana_Atlantic_Forest,229,1517,339,0.81400001,96.66449738,interior,0
290,Novo_Horizonte,-22.555798,-53.886429,seasonal_forest,Alto_Parana_Atlantic_Forest,229,1517,339,0.81400001,96.66449738,interior,0
291,Novo_Horizonte,-22.555798,-53.886429,seasonal_forest,Alto_Parana_Atlantic_Forest,229,1517,339,0.81400001,96.66449738,interior,0
292,Novo_Horizonte,-22.555798,-53.886429,seasonal_forest,Alto_Parana_Atlantic_Forest,229,1517,339,0.81400001,96.66449738,interior,0
293,Novo_Horizonte,-22.555798,-53.886429,seasonal_forest,Alto_Parana_Atlantic_Forest,229,1517,339,0.81400001,96.66449738,edge,1
294,Novo_Horizonte,-22.555798,-53.886429,seasonal_forest,Alto_Parana_Atlantic_Forest,229,1517,339,0.81400001,96.66449738,edge,1
295,Novo_Horizonte,-22.555798,-53.886429,seasonal_forest,Alto_Parana_Atlantic_Forest,229,1517,339,0.81400001,96.66449738,edge,1
296,Novo_Horizonte,-22.555798,-53.886429,seasonal_forest,Alto_Parana_Atlantic_Forest,229,1517,339,0.81400001,96.66449738,edge,1
297,Novo_Horizonte,-22.555798,-53.886429,seasonal_forest,Alto_Parana_Atlantic_Forest,229,1517,339,0.81400001,96.66449738,edge,1
298,Novo_Horizonte,-22.555798,-53.886429,seasonal_forest,Alto_Parana_Atlantic_Forest,229,1517,339,0.81400001,96.66449738,edge,1
299,Novo_Horizonte,-22.555798,-53.886429,seasonal_forest,Alto_Parana_Atlantic_Forest,229,1517,339,0.81400001,96.66449738,edge,1
300,Novo_Horizonte,-22.555798,-53.886429,seasonal_forest,Alto_Parana_Atlantic_Forest,229,1517,339,0.81400001,96.66449738,edge,1
273,Nova_Andradinha,-22.052344,-53.392412,cerrado,Cerrado,229,1392,382,0.81400001,87.78119659,interior,0
278,Nova_Andradinha,-22.052344,-53.392412,cerrado,Cerrado,229,1392,382,0.81400001,87.78119659,edge,1
279,Nova_Andradinha,-22.052344,-53.392412,cerrado,Cerrado,229,1392,382,0.81400001,87.78119659,edge,1
281,Nova_Andradinha,-22.052344,-53.392412,cerrado,Cerrado,229,1392,382,0.81400001,87.78119659,edge,1
282,Nova_Andradinha,-22.052344,-53.392412,cerrado,Cerrado,229,1392,382,0.81400001,87.78119659,edge,1
283,Nova_Andradinha,-22.052344,-53.392412,cerrado,Cerrado,229,1392,382,0.81400001,87.78119659,edge,1
284,Nova_Andradinha,-22.052344,-53.392412,galeria_ciliar,Cerrado,229,1392,382,0.81400001,87.78119659,edge,1
285,Nova_Andradinha,-22.052344,-53.392412,galeria_ciliar,Cerrado,229,1392,382,0.81400001,87.78119659,edge,1
286,Nova_Andradinha,-22.052344,-53.392412,cerrado,Cerrado,229,1392,382,0.81400001,87.78119659,interior,0
287,Nova_Andradinha,-22.052344,-53.392412,cerrado,Cerrado,229,1392,382,0.81400001,87.78119659,interior,0
288,Nova_Andradinha,-22.052344,-53.392412,cerrado,Cerrado,229,1392,382,0.81400001,87.78119659,interior,0
275,Nova_Andradinha,-22.052344,-53.392412,cerradao,Cerrado,229,1392,382,0.81400001,87.78119659,interior,0
277,Nova_Andradinha,-22.052344,-53.392412,cerradao,Cerrado,229,1392,382,0.81400001,87.78119659,edge,1
276,Nova_Andradinha,-22.052344,-53.392412,cerradao,Cerrado,229,1392,382,0.81400001,87.78119659,interior,0
391,Nova_Alvorada,-21.412833,-54.42531,seasonal_forest,Cerrado,234,1436,421,0.5,98.30729675,edge,1
393,Nova_Alvorada,-21.412833,-54.42531,seasonal_forest,Cerrado,234,1436,421,0.5,98.30729675,edge,1
397,Nova_Alvorada,-21.412833,-54.42531,seasonal_forest,Cerrado,234,1436,421,0.5,98.30729675,interior,0
398,Nova_Alvorada,-21.412833,-54.42531,galeria_ciliar,Cerrado,234,1436,421,0.5,98.30729675,edge,1
396,Nova_Alvorada,-21.412833,-54.42531,cerradao,Cerrado,234,1436,421,0.5,98.30729675,edge,1
399,Nova_Alvorada,-21.412833,-54.42531,cerradao,Cerrado,234,1436,421,0.5,98.30729675,edge,1
394,Nova_Alvorada,-21.412833,-54.42531,cerradao,Cerrado,234,1436,421,0.5,98.30729675,edge,1
392,Nova_Alvorada,-21.412833,-54.42531,cerradao,Cerrado,234,1436,421,0.5,98.30729675,interior,0
195,Navirai,-22.84058,-53.556336,flooded_forest,Alto_Parana_Atlantic_Forest,227,1362,250,0.81400001,96.66449738,edge,1
196,Navirai,-22.84058,-53.556336,flooded_forest,Alto_Parana_Atlantic_Forest,227,1362,250,0.81400001,96.66449738,interior,0
197,Navirai,-22.84058,-53.556336,flooded_forest,Alto_Parana_Atlantic_Forest,227,1362,250,0.81400001,96.66449738,edge,1
198,Navirai,-22.84058,-53.556336,flooded_forest,Alto_Parana_Atlantic_Forest,227,1362,250,0.81400001,96.66449738,interior,0
199,Navirai,-22.84058,-53.556336,flooded_forest,Alto_Parana_Atlantic_Forest,227,1362,250,0.81400001,96.66449738,interior,0
200,Navirai,-22.84058,-53.556336,flooded_forest,Alto_Parana_Atlantic_Forest,227,1362,250,0.81400001,96.66449738,edge,1
201,Navirai,-22.84058,-53.556336,flooded_forest,Alto_Parana_Atlantic_Forest,227,1362,250,0.81400001,96.66449738,edge,1
202,Navirai,-22.84058,-53.556336,flooded_forest,Alto_Parana_Atlantic_Forest,227,1362,250,0.81400001,96.66449738,edge,1
203,Navirai,-22.84058,-53.556336,flooded_forest,Alto_Parana_Atlantic_Forest,227,1362,250,0.81400001,96.66449738,edge,1
204,Navirai,-22.84058,-53.556336,flooded_forest,Alto_Parana_Atlantic_Forest,227,1362,250,0.81400001,96.66449738,edge,1
205,Navirai,-22.84058,-53.556336,flooded_forest,Alto_Parana_Atlantic_Forest,227,1362,250,0.81400001,96.66449738,edge,1
206,Navirai,-22.84058,-53.556336,flooded_forest,Alto_Parana_Atlantic_Forest,227,1362,250,0.81400001,96.66449738,edge,1
12,Miranda,-20.5,-56.18,cerradao,Cerrado,244,1381,165,0.654999971,103.0355988,interior,0
15,Miranda,-20.5,-56.18,cerradao,Cerrado,244,1381,165,0.654999971,103.0355988,interior,0
17,Miranda,-20.5,-56.18,galeria_ciliar,Cerrado,244,1381,165,0.654999971,103.0355988,edge,1
23,Miranda,-20.5,-56.18,galeria_ciliar,Cerrado,244,1381,165,0.654999971,103.0355988,edge,1
23b,Miranda,-20.5,-56.18,galeria_ciliar,Cerrado,244,1381,165,0.654999971,103.0355988,edge,1
11,Miranda,-20.5,-56.18,cerradao,Cerrado,244,1381,165,0.654999971,103.0355988,edge,1
22,Miranda,-20.5,-56.18,cerradao,Cerrado,244,1381,165,0.654999971,103.0355988,interior,0
16,Miranda,-20.5,-56.18,cerradao,Cerrado,244,1381,165,0.654999971,103.0355988,interior,0
315,Maracaju,-21.870718,-55.399635,cerradao,Cerrado,229,1410,448,0.456999987,93.98770142,interior,0
317,Maracaju,-21.870718,-55.399635,cerradao,Cerrado,229,1410,448,0.456999987,93.98770142,interior,0
319,Maracaju,-21.870718,-55.399635,cerradao,Cerrado,229,1410,448,0.456999987,93.98770142,interior,0
322,Maracaju,-21.870718,-55.399635,cerradao,Cerrado,229,1410,448,0.456999987,93.98770142,edge,1
311,Maracaju,-21.870718,-55.399635,galeria_ciliar,Cerrado,229,1410,448,0.456999987,93.98770142,edge,1
314,Maracaju,-21.870718,-55.399635,galeria_ciliar,Cerrado,229,1410,448,0.456999987,93.98770142,edge,1
316,Maracaju,-21.870718,-55.399635,seasonal_forest,Cerrado,229,1410,448,0.456999987,93.98770142,edge,1
318,Maracaju,-21.870718,-55.399635,cerrado,Cerrado,229,1410,448,0.456999987,93.98770142,interior,0
321,Maracaju,-21.870718,-55.399635,seasonal_forest,Cerrado,229,1410,448,0.456999987,93.98770142,interior,0
323,Maracaju,-21.870718,-55.399635,cerrado,Cerrado,229,1410,448,0.456999987,93.98770142,edge,1
324,Maracaju,-21.870718,-55.399635,galeria_ciliar,Cerrado,229,1410,448,0.456999987,93.98770142,interior,0
325,Maracaju,-21.870718,-55.399635,seasonal_forest,Cerrado,229,1410,448,0.456999987,93.98770142,edge,1
130,Laguna_Caraapa,-22.855698,-55.006904,seasonal_forest,Alto_Parana_Atlantic_Forest,226,1552,376,0.448000014,91.72530365,interior,0
131,Laguna_Caraapa,-22.855698,-55.006904,seasonal_forest,Alto_Parana_Atlantic_Forest,226,1552,376,0.448000014,91.72530365,interior,0
132,Laguna_Caraapa,-22.855698,-55.006904,seasonal_forest,Alto_Parana_Atlantic_Forest,226,1552,376,0.448000014,91.72530365,interior,0
133,Laguna_Caraapa,-22.855698,-55.006904,seasonal_forest,Alto_Parana_Atlantic_Forest,226,1552,376,0.448000014,91.72530365,interior,0
134,Laguna_Caraapa,-22.855698,-55.006904,seasonal_forest,Alto_Parana_Atlantic_Forest,226,1552,376,0.448000014,91.72530365,interior,0
135,Laguna_Caraapa,-22.855698,-55.006904,seasonal_forest,Alto_Parana_Atlantic_Forest,226,1552,376,0.448000014,91.72530365,interior,0
136,Laguna_Caraapa,-22.855698,-55.006904,seasonal_forest,Alto_Parana_Atlantic_Forest,226,1552,376,0.448000014,91.72530365,interior,0
137,Laguna_Caraapa,-22.855698,-55.006904,galeria_ciliar,Alto_Parana_Atlantic_Forest,226,1552,376,0.448000014,91.72530365,edge,1
138,Laguna_Caraapa,-22.855698,-55.006904,galeria_ciliar,Alto_Parana_Atlantic_Forest,226,1552,376,0.448000014,91.72530365,interior,0
139,Laguna_Caraapa,-22.855698,-55.006904,galeria_ciliar,Alto_Parana_Atlantic_Forest,226,1552,376,0.448000014,91.72530365,interior,0
140,Laguna_Caraapa,-22.855698,-55.006904,galeria_ciliar,Alto_Parana_Atlantic_Forest,226,1552,376,0.448000014,91.72530365,interior,0
141,Laguna_Caraapa,-22.855698,-55.006904,galeria_ciliar,Alto_Parana_Atlantic_Forest,226,1552,376,0.448000014,91.72530365,interior,0
142,Laguna_Caraapa,-22.855698,-55.006904,seasonal_forest,Alto_Parana_Atlantic_Forest,226,1552,376,0.448000014,91.72530365,interior,0
2,Jardim,-21.43,-56.43,galeria_ciliar,Cerrado,237,1363,294,0.755999982,102.8632965,interior,0
4,Jardim,-21.43,-56.43,galeria_ciliar,Cerrado,237,1363,294,0.755999982,102.8632965,interior,0
7,Jardim,-21.43,-56.43,galeria_ciliar,Cerrado,237,1363,294,0.755999982,102.8632965,edge,1
8,Jardim,-21.43,-56.43,galeria_ciliar,Cerrado,237,1363,294,0.755999982,102.8632965,edge,1
10,Jardim,-21.43,-56.43,galeria_ciliar,Cerrado,237,1363,294,0.755999982,102.8632965,edge,1
5,Jardim,-21.43,-56.43,cerradao,Cerrado,237,1363,294,0.755999982,102.8632965,interior,0
6,Jardim,-21.43,-56.43,cerradao,Cerrado,237,1363,294,0.755999982,102.8632965,edge,1
10b,Jardim,-21.43,-56.43,cerradao,Cerrado,237,1363,294,0.755999982,102.8632965,edge,1
303,Iguatemi,-23.558759,-54.643542,cerradao,Cerrado,219,1581,346,0.541999996,93.70300293,interior,0
305,Iguatemi,-23.558759,-54.643542,cerradao,Cerrado,219,1581,346,0.541999996,93.70300293,edge,1
304,Iguatemi,-23.558759,-54.643542,cerradao,Cerrado,219,1581,346,0.541999996,93.70300293,edge,1
301,Iguatemi,-23.558759,-54.643542,galeria_ciliar,Cerrado,219,1581,346,0.541999996,93.70300293,edge,1
302,Iguatemi,-23.558759,-54.643542,seasonal_forest,Cerrado,219,1581,346,0.541999996,93.70300293,edge,1
306,Iguatemi,-23.558759,-54.643542,galeria_ciliar,Cerrado,219,1581,346,0.541999996,93.70300293,edge,1
307,Iguatemi,-23.558759,-54.643542,seasonal_forest,Cerrado,219,1581,346,0.541999996,93.70300293,edge,1
308,Iguatemi,-23.558759,-54.643542,seasonal_forest,Cerrado,219,1581,346,0.541999996,93.70300293,edge,1
309,Iguatemi,-23.558759,-54.643542,seasonal_forest,Cerrado,219,1581,346,0.541999996,93.70300293,edge,1
310,Iguatemi,-23.558759,-54.643542,seasonal_forest,Cerrado,219,1581,346,0.541999996,93.70300293,edge,1
304b,Iguatemi,-23.558759,-54.643542,cerradao,Cerrado,219,1581,346,0.541999996,93.70300293,edge,1
66,Eldorado,-23.752443,-54.109198,seasonal_forest,Alto_Parana_Atlantic_Forest,218,1471,256,0.541999996,86.9992981,edge,1
68,Eldorado,-23.752443,-54.109198,seasonal_forest,Alto_Parana_Atlantic_Forest,218,1471,256,0.541999996,86.9992981,interior,0
69,Eldorado,-23.752443,-54.109198,seasonal_forest,Alto_Parana_Atlantic_Forest,218,1471,256,0.541999996,86.9992981,interior,0
70,Eldorado,-23.752443,-54.109198,seasonal_forest,Alto_Parana_Atlantic_Forest,218,1471,256,0.541999996,86.9992981,edge,1
71,Eldorado,-23.752443,-54.109198,seasonal_forest,Alto_Parana_Atlantic_Forest,218,1471,256,0.541999996,86.9992981,edge,1
72,Eldorado,-23.752443,-54.109198,seasonal_forest,Alto_Parana_Atlantic_Forest,218,1471,256,0.541999996,86.9992981,edge,1
73,Eldorado,-23.752443,-54.109198,seasonal_forest,Alto_Parana_Atlantic_Forest,218,1471,256,0.541999996,86.9992981,edge,1
75,Eldorado,-23.752443,-54.109198,seasonal_forest,Alto_Parana_Atlantic_Forest,218,1471,256,0.541999996,86.9992981,edge,1
76,Eldorado,-23.752443,-54.109198,seasonal_forest,Alto_Parana_Atlantic_Forest,218,1471,256,0.541999996,86.9992981,interior,0
78,Eldorado,-23.752443,-54.109198,seasonal_forest,Alto_Parana_Atlantic_Forest,218,1471,256,0.541999996,86.9992981,edge,1
228,Diamante,-22.605947,-52.882494,galeria_ciliar,Alto_Parana_Atlantic_Forest,226,1239,299,0.684000015,87.98269653,interior,0
229,Diamante,-22.605947,-52.882494,galeria_ciliar,Alto_Parana_Atlantic_Forest,226,1239,299,0.684000015,87.98269653,edge,1
230,Diamante,-22.605947,-52.882494,galeria_ciliar,Alto_Parana_Atlantic_Forest,226,1239,299,0.684000015,87.98269653,interior,0
231,Diamante,-22.605947,-52.882494,galeria_ciliar,Alto_Parana_Atlantic_Forest,226,1239,299,0.684000015,87.98269653,interior,0
232,Diamante,-22.605947,-52.882494,galeria_ciliar,Alto_Parana_Atlantic_Forest,226,1239,299,0.684000015,87.98269653,interior,0
233,Diamante,-22.605947,-52.882494,seasonal_forest,Alto_Parana_Atlantic_Forest,226,1239,299,0.684000015,87.98269653,interior,0
234,Diamante,-22.605947,-52.882494,seasonal_forest,Alto_Parana_Atlantic_Forest,226,1239,299,0.684000015,87.98269653,interior,0
235,Diamante,-22.605947,-52.882494,galeria_ciliar,Alto_Parana_Atlantic_Forest,226,1239,299,0.684000015,87.98269653,edge,1
118,Corumba,-19.17,-57.62,seasonal_forest,Chiquitano_dry_forest,246,1120,331,0.513000011,84.0644989,interior,0
119,Corumba,-19.17,-57.62,seasonal_forest,Chiquitano_dry_forest,246,1120,331,0.513000011,84.0644989,interior,0
120,Corumba,-19.17,-57.62,seasonal_forest,Chiquitano_dry_forest,246,1120,331,0.513000011,84.0644989,interior,0
122,Corumba,-19.17,-57.62,seasonal_forest,Chiquitano_dry_forest,246,1120,331,0.513000011,84.0644989,interior,0
123,Corumba,-19.17,-57.62,seasonal_forest,Chiquitano_dry_forest,246,1120,331,0.513000011,84.0644989,interior,0
124,Corumba,-19.17,-57.62,seasonal_forest,Chiquitano_dry_forest,246,1120,331,0.513000011,84.0644989,interior,0
125,Corumba,-19.17,-57.62,seasonal_forest,Chiquitano_dry_forest,246,1120,331,0.513000011,84.0644989,interior,0
126,Corumba,-19.17,-57.62,seasonal_forest,Chiquitano_dry_forest,246,1120,331,0.513000011,84.0644989,interior,0
127,Corumba,-19.17,-57.62,seasonal_forest,Chiquitano_dry_forest,246,1120,331,0.513000011,84.0644989,interior,0
128,Corumba,-19.17,-57.62,seasonal_forest,Chiquitano_dry_forest,246,1120,331,0.513000011,84.0644989,edge,1
129,Corumba,-19.17,-57.62,seasonal_forest,Chiquitano_dry_forest,246,1120,331,0.513000011,84.0644989,interior,0
89,Coronel_Sapucaia,-23.362923,-55.212445,cerradao,Cerrado,219,1588,407,0.50999999,90.56829834,edge,1
80,Coronel_Sapucaia,-23.362923,-55.212445,cerradao,Cerrado,219,1588,407,0.50999999,90.56829834,edge,1
82,Coronel_Sapucaia,-23.362923,-55.212445,cerradao,Cerrado,219,1588,407,0.50999999,90.56829834,edge,1
86,Coronel_Sapucaia,-23.362923,-55.212445,galeria_ciliar,Cerrado,219,1588,407,0.50999999,90.56829834,interior,0
87,Coronel_Sapucaia,-23.362923,-55.212445,galeria_ciliar,Cerrado,219,1588,407,0.50999999,90.56829834,interior,0
85,Coronel_Sapucaia,-23.362923,-55.212445,cerradao,Cerrado,219,1588,407,0.50999999,90.56829834,edge,1
84,Coronel_Sapucaia,-23.362923,-55.212445,cerradao,Cerrado,219,1588,407,0.50999999,90.56829834,edge,1
83,Coronel_Sapucaia,-23.362923,-55.212445,cerradao,Cerrado,219,1588,407,0.50999999,90.56829834,interior,0
261,Casa_Verde,-21.612264,-53.30533,cerradao,Cerrado,235,1341,339,0.782999992,87.70420074,interior,0
269,Casa_Verde,-21.612264,-53.30533,cerradao,Cerrado,235,1341,339,0.782999992,87.70420074,interior,0
270,Casa_Verde,-21.612264,-53.30533,cerradao,Cerrado,235,1341,339,0.782999992,87.70420074,interior,0
262,Casa_Verde,-21.612264,-53.30533,galeria_ciliar,Cerrado,235,1341,339,0.782999992,87.70420074,edge,1
263,Casa_Verde,-21.612264,-53.30533,cerrado,Cerrado,235,1341,339,0.782999992,87.70420074,interior,0
264,Casa_Verde,-21.612264,-53.30533,galeria_ciliar,Cerrado,235,1341,339,0.782999992,87.70420074,interior,0
265,Casa_Verde,-21.612264,-53.30533,cerrado,Cerrado,235,1341,339,0.782999992,87.70420074,edge,1
266,Casa_Verde,-21.612264,-53.30533,galeria_ciliar,Cerrado,235,1341,339,0.782999992,87.70420074,interior,0
267,Casa_Verde,-21.612264,-53.30533,cerradao,Cerrado,235,1341,339,0.782999992,87.70420074,edge,1
268,Casa_Verde,-21.612264,-53.30533,cerradao,Cerrado,235,1341,339,0.782999992,87.70420074,interior,0
326,Caracol,-22.20662,-57.304149,chaco,Cerrado,243,1355,132,0.589999974,101.3013,interior,0
327,Caracol,-22.20662,-57.304149,chaco,Cerrado,243,1355,132,0.589999974,101.3013,edge,1
328,Caracol,-22.20662,-57.304149,flooded_forest,Cerrado,243,1355,132,0.589999974,101.3013,interior,0
329,Caracol,-22.20662,-57.304149,flooded_forest,Cerrado,243,1355,132,0.589999974,101.3013,interior,0
330,Caracol,-22.20662,-57.304149,chaco,Cerrado,243,1355,132,0.589999974,101.3013,edge,1
331,Caracol,-22.20662,-57.304149,chaco,Cerrado,243,1355,132,0.589999974,101.3013,interior,0
332,Caracol,-22.20662,-57.304149,chaco,Cerrado,243,1355,132,0.589999974,101.3013,edge,1
333,Caracol,-22.20662,-57.304149,chaco,Cerrado,243,1355,132,0.589999974,101.3013,interior,0
334,Caracol,-22.20662,-57.304149,chaco,Cerrado,243,1355,132,0.589999974,101.3013,interior,0
335,Caracol,-22.20662,-57.304149,chaco,Cerrado,243,1355,132,0.589999974,101.3013,interior,0
336,Caracol,-22.20662,-57.304149,flooded_forest,Cerrado,243,1355,132,0.589999974,101.3013,interior,0
337,Caracol,-22.20662,-57.304149,chaco,Cerrado,243,1355,132,0.589999974,101.3013,interior,0
338,Caracol,-22.20662,-57.304149,chaco,Cerrado,243,1355,132,0.589999974,101.3013,interior,0
339,Caracol,-22.20662,-57.304149,flooded_forest,Cerrado,243,1355,132,0.589999974,101.3013,interior,0
370,Campo_Grande,-20.495406,-54.495271,cerradao,Cerrado,232,1460,589,0.388999999,93.61170197,interior,0
386,Campo_Grande,-20.495406,-54.495271,cerradao,Cerrado,232,1460,589,0.388999999,93.61170197,edge,1
369,Campo_Grande,-20.495406,-54.495271,cerradao,Cerrado,232,1460,589,0.388999999,93.61170197,interior,0
371,Campo_Grande,-20.495406,-54.495271,cerradao,Cerrado,232,1460,589,0.388999999,93.61170197,edge,1
372,Campo_Grande,-20.495406,-54.495271,cerrado,Cerrado,232,1460,589,0.388999999,93.61170197,edge,1
373,Campo_Grande,-20.495406,-54.495271,cerrado,Cerrado,232,1460,589,0.388999999,93.61170197,edge,1
374,Campo_Grande,-20.495406,-54.495271,cerrado,Cerrado,232,1460,589,0.388999999,93.61170197,interior,0
375,Campo_Grande,-20.495406,-54.495271,cerrado,Cerrado,232,1460,589,0.388999999,93.61170197,interior,0
377,Campo_Grande,-20.495406,-54.495271,galeria_ciliar,Cerrado,232,1460,589,0.388999999,93.61170197,interior,0
378,Campo_Grande,-20.495406,-54.495271,cerrado,Cerrado,232,1460,589,0.388999999,93.61170197,interior,0
379,Campo_Grande,-20.495406,-54.495271,cerrado,Cerrado,232,1460,589,0.388999999,93.61170197,interior,0
380,Campo_Grande,-20.495406,-54.495271,cerrado,Cerrado,232,1460,589,0.388999999,93.61170197,edge,1
381,Campo_Grande,-20.495406,-54.495271,cerrado,Cerrado,232,1460,589,0.388999999,93.61170197,interior,0
382,Campo_Grande,-20.495406,-54.495271,cerrado,Cerrado,232,1460,589,0.388999999,93.61170197,interior,0
384,Campo_Grande,-20.495406,-54.495271,galeria_ciliar,Cerrado,232,1460,589,0.388999999,93.61170197,edge,1
385,Campo_Grande,-20.495406,-54.495271,cerrado,Cerrado,232,1460,589,0.388999999,93.61170197,interior,0
388,Campo_Grande,-20.495406,-54.495271,galeria_ciliar,Cerrado,232,1460,589,0.388999999,93.61170197,edge,1
109,Caiman,-19.93,-56.32,cerradao,Pantanal,251,1345,117,0.677999973,103.8992004,interior,0
104,Caiman,-19.93,-56.32,flooded_forest,Pantanal,251,1345,117,0.677999973,103.8992004,interior,0
105,Caiman,-19.93,-56.32,seasonal_forest,Pantanal,251,1345,117,0.677999973,103.8992004,interior,0
106,Caiman,-19.93,-56.32,chaco,Pantanal,251,1345,117,0.677999973,103.8992004,interior,0
107,Caiman,-19.93,-56.32,chaco,Pantanal,251,1345,117,0.677999973,103.8992004,interior,0
108,Caiman,-19.93,-56.32,cerrado,Pantanal,251,1345,117,0.677999973,103.8992004,edge,1
110,Caiman,-19.93,-56.32,chaco,Pantanal,251,1345,117,0.677999973,103.8992004,interior,0
111,Caiman,-19.93,-56.32,cerrado,Pantanal,251,1345,117,0.677999973,103.8992004,edge,1
112,Caiman,-19.93,-56.32,cerrado,Pantanal,251,1345,117,0.677999973,103.8992004,edge,1
113,Caiman,-19.93,-56.32,flooded_forest,Pantanal,251,1345,117,0.677999973,103.8992004,edge,1
114,Caiman,-19.93,-56.32,flooded_forest,Pantanal,251,1345,117,0.677999973,103.8992004,edge,1
115,Caiman,-19.93,-56.32,seasonal_forest,Pantanal,251,1345,117,0.677999973,103.8992004,edge,1
116,Caiman,-19.93,-56.32,seasonal_forest,Pantanal,251,1345,117,0.677999973,103.8992004,interior,0
342,Bonito2,-20.884562,-56.56821,cerradao,Cerrado,229,1361,483,0.654999971,99.68019867,interior,0
352,Bonito2,-20.884562,-56.56821,cerradao,Cerrado,229,1361,483,0.654999971,99.68019867,edge,1
340,Bonito2,-20.884562,-56.56821,seasonal_forest,Cerrado,229,1361,483,0.654999971,99.68019867,interior,0
341,Bonito2,-20.884562,-56.56821,galeria_ciliar,Cerrado,229,1361,483,0.654999971,99.68019867,interior,0
343,Bonito2,-20.884562,-56.56821,seasonal_forest,Cerrado,229,1361,483,0.654999971,99.68019867,interior,0
344,Bonito2,-20.884562,-56.56821,seasonal_forest,Cerrado,229,1361,483,0.654999971,99.68019867,interior,0
346,Bonito2,-20.884562,-56.56821,seasonal_forest,Cerrado,229,1361,483,0.654999971,99.68019867,interior,0
348,Bonito2,-20.884562,-56.56821,seasonal_forest,Cerrado,229,1361,483,0.654999971,99.68019867,interior,0
349,Bonito2,-20.884562,-56.56821,seasonal_forest,Cerrado,229,1361,483,0.654999971,99.68019867,interior,0
350,Bonito2,-20.884562,-56.56821,seasonal_forest,Cerrado,229,1361,483,0.654999971,99.68019867,interior,0
351,Bonito2,-20.884562,-56.56821,seasonal_forest,Cerrado,229,1361,483,0.654999971,99.68019867,interior,0
353,Bonito2,-20.884562,-56.56821,seasonal_forest,Cerrado,229,1361,483,0.654999971,99.68019867,interior,0
182,Bonito,-21.08,-56.73,cerradao,Cerrado,224,1353,601,0.755999982,89.2582016,edge,1
178,Bonito,-21.08,-56.73,cerradao,Cerrado,224,1353,601,0.755999982,89.2582016,interior,0
179,Bonito,-21.08,-56.73,cerradao,Cerrado,224,1353,601,0.755999982,89.2582016,interior,0
166,Bonito,-21.08,-56.73,cerradao,Cerrado,224,1353,601,0.755999982,89.2582016,edge,1
162,Bonito,-21.08,-56.73,galeria_ciliar,Cerrado,224,1353,601,0.755999982,89.2582016,edge,1
163,Bonito,-21.08,-56.73,galeria_ciliar,Cerrado,224,1353,601,0.755999982,89.2582016,edge,1
164,Bonito,-21.08,-56.73,chaco,Cerrado,224,1353,601,0.755999982,89.2582016,interior,0
165,Bonito,-21.08,-56.73,chaco,Cerrado,224,1353,601,0.755999982,89.2582016,interior,0
167,Bonito,-21.08,-56.73,chaco,Cerrado,224,1353,601,0.755999982,89.2582016,interior,0
168,Bonito,-21.08,-56.73,galeria_ciliar,Cerrado,224,1353,601,0.755999982,89.2582016,interior,0
169,Bonito,-21.08,-56.73,galeria_ciliar,Cerrado,224,1353,601,0.755999982,89.2582016,interior,0
170,Bonito,-21.08,-56.73,chaco,Cerrado,224,1353,601,0.755999982,89.2582016,interior,0
171,Bonito,-21.08,-56.73,galeria_ciliar,Cerrado,224,1353,601,0.755999982,89.2582016,edge,1
172,Bonito,-21.08,-56.73,galeria_ciliar,Cerrado,224,1353,601,0.755999982,89.2582016,edge,1
173,Bonito,-21.08,-56.73,chaco,Cerrado,224,1353,601,0.755999982,89.2582016,interior,0
174,Bonito,-21.08,-56.73,chaco,Cerrado,224,1353,601,0.755999982,89.2582016,edge,1
175,Bonito,-21.08,-56.73,chaco,Cerrado,224,1353,601,0.755999982,89.2582016,edge,1
176,Bonito,-21.08,-56.73,galeria_ciliar,Cerrado,224,1353,601,0.755999982,89.2582016,edge,1
177,Bonito,-21.08,-56.73,galeria_ciliar,Cerrado,224,1353,601,0.755999982,89.2582016,interior,0
180,Bonito,-21.08,-56.73,chaco,Cerrado,224,1353,601,0.755999982,89.2582016,interior,0
181,Bonito,-21.08,-56.73,galeria_ciliar,Cerrado,224,1353,601,0.755999982,89.2582016,edge,1
159,Bela_Vista,-22.07,-56.55,cerradao,Cerrado,237,1390,222,0.799000025,103.0920029,interior,0
145,Bela_Vista,-22.07,-56.55,cerradao,Cerrado,237,1390,222,0.799000025,103.0920029,edge,1
150,Bela_Vista,-22.07,-56.55,cerradao,Cerrado,237,1390,222,0.799000025,103.0920029,interior,0
143,Bela_Vista,-22.07,-56.55,cerradao,Cerrado,237,1390,222,0.799000025,103.0920029,edge,1
144,Bela_Vista,-22.07,-56.55,cerradao,Cerrado,237,1390,222,0.799000025,103.0920029,edge,1
149,Bela_Vista,-22.07,-56.55,cerradao,Cerrado,237,1390,222,0.799000025,103.0920029,interior,0
151,Bela_Vista,-22.07,-56.55,cerradao,Cerrado,237,1390,222,0.799000025,103.0920029,edge,1
155,Bela_Vista,-22.07,-56.55,cerradao,Cerrado,237,1390,222,0.799000025,103.0920029,interior,0
153,Bela_Vista,-22.07,-56.55,cerradao,Cerrado,237,1390,222,0.799000025,103.0920029,edge,1
161,Bela_Vista,-22.07,-56.55,cerradao,Cerrado,237,1390,222,0.799000025,103.0920029,interior,0
156,Bela_Vista,-22.07,-56.55,cerradao,Cerrado,237,1390,222,0.799000025,103.0920029,interior,0
154,Bela_Vista,-22.07,-56.55,cerradao,Cerrado,237,1390,222,0.799000025,103.0920029,interior,0
147,Bela_Vista,-22.07,-56.55,cerradao,Cerrado,237,1390,222,0.799000025,103.0920029,interior,0
160,Bela_Vista,-22.07,-56.55,cerradao,Cerrado,237,1390,222,0.799000025,103.0920029,interior,0
152,Bela_Vista,-22.07,-56.55,cerradao,Cerrado,237,1390,222,0.799000025,103.0920029,edge,1
157,Bela_Vista,-22.07,-56.55,cerradao,Cerrado,237,1390,222,0.799000025,103.0920029,interior,0
158,Bela_Vista,-22.07,-56.55,cerradao,Cerrado,237,1390,222,0.799000025,103.0920029,interior,0
367,Aquidauana,-20.452928,-55.497212,cerradao,Cerrado,242,1434,232,0.35800001,103.138298,edge,1
362,Aquidauana,-20.452928,-55.497212,cerradao,Cerrado,242,1434,232,0.35800001,103.138298,edge,1
360,Aquidauana,-20.452928,-55.497212,cerradao,Cerrado,242,1434,232,0.35800001,103.138298,interior,0
354,Aquidauana,-20.452928,-55.497212,galeria_ciliar,Cerrado,242,1434,232,0.35800001,103.138298,interior,0
355,Aquidauana,-20.452928,-55.497212,galeria_ciliar,Cerrado,242,1434,232,0.35800001,103.138298,interior,0
356,Aquidauana,-20.452928,-55.497212,galeria_ciliar,Cerrado,242,1434,232,0.35800001,103.138298,interior,0
357,Aquidauana,-20.452928,-55.497212,galeria_ciliar,Cerrado,242,1434,232,0.35800001,103.138298,interior,0
358,Aquidauana,-20.452928,-55.497212,galeria_ciliar,Cerrado,242,1434,232,0.35800001,103.138298,interior,0
359,Aquidauana,-20.452928,-55.497212,galeria_ciliar,Cerrado,242,1434,232,0.35800001,103.138298,edge,1
361,Aquidauana,-20.452928,-55.497212,cerrado,Cerrado,242,1434,232,0.35800001,103.138298,interior,0
363,Aquidauana,-20.452928,-55.497212,galeria_ciliar,Cerrado,242,1434,232,0.35800001,103.138298,interior,0
364,Aquidauana,-20.452928,-55.497212,galeria_ciliar,Cerrado,242,1434,232,0.35800001,103.138298,interior,0
365,Aquidauana,-20.452928,-55.497212,galeria_ciliar,Cerrado,242,1434,232,0.35800001,103.138298,edge,1
366,Aquidauana,-20.452928,-55.497212,galeria_ciliar,Cerrado,242,1434,232,0.35800001,103.138298,interior,0
368,Aquidauana,-20.452928,-55.497212,galeria_ciliar,Cerrado,242,1434,232,0.35800001,103.138298,edge,1
44,Albuquerque,-19.38,-57.4,cerradao,Chiquitano_dry_forest,257,1137,114,0.513000011,86.86019897,interior,0
45,Albuquerque,-19.38,-57.4,cerradao,Chiquitano_dry_forest,257,1137,114,0.513000011,86.86019897,interior,0
31,Albuquerque,-19.38,-57.4,flooded_forest,Chiquitano_dry_forest,257,1137,114,0.513000011,86.86019897,edge,1
32,Albuquerque,-19.38,-57.4,flooded_forest,Chiquitano_dry_forest,257,1137,114,0.513000011,86.86019897,edge,1
33,Albuquerque,-19.38,-57.4,flooded_forest,Chiquitano_dry_forest,257,1137,114,0.513000011,86.86019897,edge,1
34,Albuquerque,-19.38,-57.4,flooded_forest,Chiquitano_dry_forest,257,1137,114,0.513000011,86.86019897,edge,1
35,Albuquerque,-19.38,-57.4,flooded_forest,Chiquitano_dry_forest,257,1137,114,0.513000011,86.86019897,edge,1
36,Albuquerque,-19.38,-57.4,flooded_forest,Chiquitano_dry_forest,257,1137,114,0.513000011,86.86019897,edge,1
37,Albuquerque,-19.38,-57.4,flooded_forest,Chiquitano_dry_forest,257,1137,114,0.513000011,86.86019897,edge,1
38,Albuquerque,-19.38,-57.4,flooded_forest,Chiquitano_dry_forest,257,1137,114,0.513000011,86.86019897,edge,1
39,Albuquerque,-19.38,-57.4,flooded_forest,Chiquitano_dry_forest,257,1137,114,0.513000011,86.86019897,edge,1
40,Albuquerque,-19.38,-57.4,flooded_forest,Chiquitano_dry_forest,257,1137,114,0.513000011,86.86019897,edge,1
41,Albuquerque,-19.38,-57.4,flooded_forest,Chiquitano_dry_forest,257,1137,114,0.513000011,86.86019897,edge,1
42,Albuquerque,-19.38,-57.4,seasonal_forest,Chiquitano_dry_forest,257,1137,114,0.513000011,86.86019897,edge,1
43,Albuquerque,-19.38,-57.4,seasonal_forest,Chiquitano_dry_forest,257,1137,114,0.513000011,86.86019897,interior,0
46,Albuquerque,-19.38,-57.4,seasonal_forest,Chiquitano_dry_forest,257,1137,114,0.513000011,86.86019897,interior,0
47,Albuquerque,-19.38,-57.4,flooded_forest,Chiquitano_dry_forest,257,1137,114,0.513000011,86.86019897,interior,0
48,Albuquerque,-19.38,-57.4,flooded_forest,Chiquitano_dry_forest,257,1137,114,0.513000011,86.86019897,interior,0
49,Albuquerque,-19.38,-57.4,flooded_forest,Chiquitano_dry_forest,257,1137,114,0.513000011,86.86019897,interior,0
24,Abobral,-19.48,-56.92,flooded_forest,Pantanal,257,1220,92,0.677999973,92.86750031,edge,1
25,Abobral,-19.48,-56.92,flooded_forest,Pantanal,257,1220,92,0.677999973,92.86750031,edge,1
26,Abobral,-19.48,-56.92,flooded_forest,Pantanal,257,1220,92,0.677999973,92.86750031,edge,1
27,Abobral,-19.48,-56.92,flooded_forest,Pantanal,257,1220,92,0.677999973,92.86750031,edge,1
28,Abobral,-19.48,-56.92,flooded_forest,Pantanal,257,1220,92,0.677999973,92.86750031,edge,1
29,Abobral,-19.48,-56.92,flooded_forest,Pantanal,257,1220,92,0.677999973,92.86750031,edge,1
30,Abobral,-19.48,-56.92,flooded_forest,Pantanal,257,1220,92,0.677999973,92.86750031,edge,1
